base_contrast,metric,n_models,n_positive,n_negative,n_zero,direction_consistent,all_significant,any_significant,median_rank_biserial,deltas,models
Baseâ†’SFT|dense_k1,CTQRS,3,1,2,0,False,False,True,-0.056301,0.1945;-0.0340;-0.0098,llama-3.2-3b;mistral-7b-v0.3;qwen2.5-7b
Baseâ†’SFT|dense_k1,CondFilledRate,3,2,1,0,False,False,True,0.101174,0.1373;0.0146;-0.1667,llama-3.2-3b;mistral-7b-v0.3;qwen2.5-7b
Baseâ†’SFT|dense_k1,ContextSupportRate,3,3,0,0,True,False,True,0.374922,0.3393;0.1416;0.0371,llama-3.2-3b;mistral-7b-v0.3;qwen2.5-7b
Baseâ†’SFT|dense_k1,ContextUnattributedRate,3,2,1,0,False,False,True,0.505355,0.1645;-0.0751;0.1829,llama-3.2-3b;mistral-7b-v0.3;qwen2.5-7b
Baseâ†’SFT|dense_k1,IUHE_Total,3,3,0,0,True,True,True,0.7999841747111884,3.5243;1.9079;2.6164,llama-3.2-3b;mistral-7b-v0.3;qwen2.5-7b
Baseâ†’SFT|dense_k1,IUHE_per_1kTok,3,3,0,0,True,True,True,0.934238310708899,11.0862;4.5683;11.4394,llama-3.2-3b;mistral-7b-v0.3;qwen2.5-7b
Baseâ†’SFT|dense_k1,NoSignalFilledRate,3,2,1,0,False,False,True,0.2709447415329768,-0.0486;0.0213;0.2240,llama-3.2-3b;mistral-7b-v0.3;qwen2.5-7b
Baseâ†’SFT|dense_k1,PlaceholderRate,3,2,1,0,False,False,True,-0.023557692307692307,-0.0953;0.0032;0.3555,llama-3.2-3b;mistral-7b-v0.3;qwen2.5-7b
Baseâ†’SFT|dense_k1,RAHE_Total,3,3,0,0,True,True,True,0.881240467717336,2.4143;1.6522;1.2174,llama-3.2-3b;mistral-7b-v0.3;qwen2.5-7b
Baseâ†’SFT|dense_k1,RAHE_per_1kTok,3,3,0,0,True,True,True,0.9298316159839155,7.8282;4.0849;4.5593,llama-3.2-3b;mistral-7b-v0.3;qwen2.5-7b
Baseâ†’SFT|dense_k1,ROUGE1_F1,3,3,0,0,True,True,True,0.830132,0.2317;0.0179;0.3585,llama-3.2-3b;mistral-7b-v0.3;qwen2.5-7b
Baseâ†’SFT|dense_k1,ROUGE1_F1_NORM,3,3,0,0,True,True,True,0.842763,0.2416;0.0243;0.3709,llama-3.2-3b;mistral-7b-v0.3;qwen2.5-7b
Baseâ†’SFT|dense_k1,ROUGE1_R,3,2,1,0,False,False,True,0.06968,0.2030;0.0006;-0.0563,llama-3.2-3b;mistral-7b-v0.3;qwen2.5-7b
Baseâ†’SFT|dense_k1,ROUGE1_R_NORM,3,2,1,0,False,False,True,0.098177,0.2074;0.0028;-0.0543,llama-3.2-3b;mistral-7b-v0.3;qwen2.5-7b
Baseâ†’SFT|dense_k1,SBERT,3,2,1,0,False,True,True,0.426405,0.1721;-0.0309;0.0301,llama-3.2-3b;mistral-7b-v0.3;qwen2.5-7b
Baseâ†’SFT|dense_k1,SBERT_NORM,3,2,1,0,False,True,True,0.488152,0.1733;-0.0293;0.0371,llama-3.2-3b;mistral-7b-v0.3;qwen2.5-7b
Baseâ†’SFT|dense_k1,SecFilled,3,2,1,0,False,False,True,0.010327,0.1682;0.0006;-0.3152,llama-3.2-3b;mistral-7b-v0.3;qwen2.5-7b
Baseâ†’SFT|dense_k1,SecPresence,3,1,2,0,False,False,True,0.013462,0.0908;-0.0038;-0.3664,llama-3.2-3b;mistral-7b-v0.3;qwen2.5-7b
Baseâ†’SFT|dense_k1,SignalFilledRate,3,2,1,0,False,False,True,0.03179012345679012,0.1688;0.0049;-0.3007,llama-3.2-3b;mistral-7b-v0.3;qwen2.5-7b
Baseâ†’SFT|dense_k1,TransferRate,3,3,0,0,True,True,True,0.7090248962655602,0.4388;0.2833;0.2271,llama-3.2-3b;mistral-7b-v0.3;qwen2.5-7b
Baseâ†’SFT|dense_k1,UAHE_Total,3,3,0,0,True,False,True,0.602613,1.1100;0.2558;1.3990,llama-3.2-3b;mistral-7b-v0.3;qwen2.5-7b
Baseâ†’SFT|dense_k1,UAHE_per_1kTok,3,3,0,0,True,False,True,0.756654,3.2580;0.4835;6.8800,llama-3.2-3b;mistral-7b-v0.3;qwen2.5-7b
Baseâ†’SFT|dense_k1,UnknownRate,3,1,2,0,False,False,True,-0.049473684210526316,-0.1618;-0.0038;0.3063,llama-3.2-3b;mistral-7b-v0.3;qwen2.5-7b
Baseâ†’SFT|k0,CTQRS,3,2,1,0,False,False,False,0.052912,0.0240;-0.0149;0.0008,llama-3.2-3b;mistral-7b-v0.3;qwen2.5-7b
Baseâ†’SFT|k0,CondFilledRate,3,0,3,0,True,True,True,-0.804689,-0.0856;-0.1872;-0.1717,llama-3.2-3b;mistral-7b-v0.3;qwen2.5-7b
Baseâ†’SFT|k0,ContextSupportRate,3,0,3,0,True,True,True,-0.879268,-0.2231;-0.3154;-0.2394,llama-3.2-3b;mistral-7b-v0.3;qwen2.5-7b
Baseâ†’SFT|k0,ContextUnattributedRate,3,3,0,0,True,True,True,0.983121,0.6655;0.6684;0.5284,llama-3.2-3b;mistral-7b-v0.3;qwen2.5-7b
Baseâ†’SFT|k0,IUHE_Total,3,3,0,0,True,True,True,0.9917773031229495,3.9693;3.5422;3.4604,llama-3.2-3b;mistral-7b-v0.3;qwen2.5-7b
Baseâ†’SFT|k0,IUHE_per_1kTok,3,3,0,0,True,True,True,0.9971524619339529,11.3932;9.6607;13.3113,llama-3.2-3b;mistral-7b-v0.3;qwen2.5-7b
Baseâ†’SFT|k0,NoSignalFilledRate,3,3,0,0,True,True,True,0.9799720540288775,0.1963;0.2807;0.2671,llama-3.2-3b;mistral-7b-v0.3;qwen2.5-7b
Baseâ†’SFT|k0,PlaceholderRate,3,3,0,0,True,True,True,0.9813382443216697,0.2513;0.3779;0.3900,llama-3.2-3b;mistral-7b-v0.3;qwen2.5-7b
Baseâ†’SFT|k0,RAHE_Total,3,0,0,3,True,False,False,0.0,0.0000;0.0000;0.0000,llama-3.2-3b;mistral-7b-v0.3;qwen2.5-7b
Baseâ†’SFT|k0,RAHE_per_1kTok,3,0,0,3,True,False,False,0.0,0.0000;0.0000;0.0000,llama-3.2-3b;mistral-7b-v0.3;qwen2.5-7b
Baseâ†’SFT|k0,ROUGE1_F1,3,3,0,0,True,True,True,0.48656,0.0909;0.0437;0.3745,llama-3.2-3b;mistral-7b-v0.3;qwen2.5-7b
Baseâ†’SFT|k0,ROUGE1_F1_NORM,3,3,0,0,True,True,True,0.508508,0.1014;0.0576;0.3910,llama-3.2-3b;mistral-7b-v0.3;qwen2.5-7b
Baseâ†’SFT|k0,ROUGE1_R,3,2,1,0,False,True,True,0.242839,0.0847;0.0174;-0.0570,llama-3.2-3b;mistral-7b-v0.3;qwen2.5-7b
Baseâ†’SFT|k0,ROUGE1_R_NORM,3,2,1,0,False,True,True,0.296523,0.0908;0.0241;-0.0528,llama-3.2-3b;mistral-7b-v0.3;qwen2.5-7b
Baseâ†’SFT|k0,SBERT,3,3,0,0,True,False,True,0.367973,0.0361;0.0000;0.0157,llama-3.2-3b;mistral-7b-v0.3;qwen2.5-7b
Baseâ†’SFT|k0,SBERT_NORM,3,3,0,0,True,False,True,0.454747,0.0430;0.0044;0.0247,llama-3.2-3b;mistral-7b-v0.3;qwen2.5-7b
Baseâ†’SFT|k0,SecFilled,3,0,3,0,True,True,True,-0.975773,-0.2020;-0.3702;-0.3600,llama-3.2-3b;mistral-7b-v0.3;qwen2.5-7b
Baseâ†’SFT|k0,SecPresence,3,0,3,0,True,True,True,-1.0,-0.2545;-0.3856;-0.4143,llama-3.2-3b;mistral-7b-v0.3;qwen2.5-7b
Baseâ†’SFT|k0,SignalFilledRate,3,0,3,0,True,True,True,-0.9246738744226182,-0.1974;-0.3510;-0.3263,llama-3.2-3b;mistral-7b-v0.3;qwen2.5-7b
Baseâ†’SFT|k0,TransferRate,3,0,0,3,True,False,False,0.0,0.0000;0.0000;0.0000,llama-3.2-3b;mistral-7b-v0.3;qwen2.5-7b
Baseâ†’SFT|k0,UAHE_Total,3,3,0,0,True,True,True,0.991777,3.9693;3.5422;3.4604,llama-3.2-3b;mistral-7b-v0.3;qwen2.5-7b
Baseâ†’SFT|k0,UAHE_per_1kTok,3,3,0,0,True,True,True,0.997152,11.3932;9.6607;13.3113,llama-3.2-3b;mistral-7b-v0.3;qwen2.5-7b
Baseâ†’SFT|k0,UnknownRate,3,3,0,0,True,True,True,0.9803560466543892,0.2155;0.3632;0.3555,llama-3.2-3b;mistral-7b-v0.3;qwen2.5-7b
DPO_freeâ†’aware|bal_dense_k1,CTQRS,3,3,0,0,True,False,True,0.220417,0.0233;0.0635;0.0120,llama-3.2-3b;mistral-7b-v0.3;qwen2.5-7b
DPO_freeâ†’aware|bal_dense_k1,CondFilledRate,3,0,3,0,True,True,True,-0.719188,-0.0980;-0.1685;-0.0584,llama-3.2-3b;mistral-7b-v0.3;qwen2.5-7b
DPO_freeâ†’aware|bal_dense_k1,ContextSupportRate,3,3,0,0,True,True,True,0.748433,0.2625;0.3584;0.1381,llama-3.2-3b;mistral-7b-v0.3;qwen2.5-7b
DPO_freeâ†’aware|bal_dense_k1,ContextUnattributedRate,3,0,3,0,True,True,True,-0.717308,-0.1039;-0.0438;-0.0767,llama-3.2-3b;mistral-7b-v0.3;qwen2.5-7b
DPO_freeâ†’aware|bal_dense_k1,IUHE_Total,3,3,0,0,True,True,True,0.9170271700227195,2.0179;3.4066;0.6650,llama-3.2-3b;mistral-7b-v0.3;qwen2.5-7b
DPO_freeâ†’aware|bal_dense_k1,IUHE_per_1kTok,3,3,0,0,True,False,True,0.8489783831803376,7.2590;8.5132;1.4041,llama-3.2-3b;mistral-7b-v0.3;qwen2.5-7b
DPO_freeâ†’aware|bal_dense_k1,NoSignalFilledRate,3,3,0,0,True,True,True,0.8678678678678678,0.0725;0.2046;0.0652,llama-3.2-3b;mistral-7b-v0.3;qwen2.5-7b
DPO_freeâ†’aware|bal_dense_k1,PlaceholderRate,3,3,0,0,True,True,True,0.896936936936937,0.1240;0.3146;0.0902,llama-3.2-3b;mistral-7b-v0.3;qwen2.5-7b
DPO_freeâ†’aware|bal_dense_k1,RAHE_Total,3,3,0,0,True,True,True,0.9813493901497606,2.3325;3.4680;0.9028,llama-3.2-3b;mistral-7b-v0.3;qwen2.5-7b
DPO_freeâ†’aware|bal_dense_k1,RAHE_per_1kTok,3,3,0,0,True,True,True,0.939041248606466,8.6729;8.7507;2.4445,llama-3.2-3b;mistral-7b-v0.3;qwen2.5-7b
DPO_freeâ†’aware|bal_dense_k1,ROUGE1_F1,3,0,3,0,True,False,True,-0.454564,-0.1347;-0.0529;-0.0265,llama-3.2-3b;mistral-7b-v0.3;qwen2.5-7b
DPO_freeâ†’aware|bal_dense_k1,ROUGE1_F1_NORM,3,0,3,0,True,False,True,-0.393079,-0.1274;-0.0441;-0.0261,llama-3.2-3b;mistral-7b-v0.3;qwen2.5-7b
DPO_freeâ†’aware|bal_dense_k1,ROUGE1_R,3,2,1,0,False,False,True,0.079852,-0.0835;0.0090;0.0244,llama-3.2-3b;mistral-7b-v0.3;qwen2.5-7b
DPO_freeâ†’aware|bal_dense_k1,ROUGE1_R_NORM,3,2,1,0,False,False,True,0.138955,-0.0780;0.0159;0.0253,llama-3.2-3b;mistral-7b-v0.3;qwen2.5-7b
DPO_freeâ†’aware|bal_dense_k1,SBERT,3,0,3,0,True,True,True,-0.731275,-0.1613;-0.0864;-0.0201,llama-3.2-3b;mistral-7b-v0.3;qwen2.5-7b
DPO_freeâ†’aware|bal_dense_k1,SBERT_NORM,3,0,3,0,True,True,True,-0.701237,-0.1508;-0.0783;-0.0198,llama-3.2-3b;mistral-7b-v0.3;qwen2.5-7b
DPO_freeâ†’aware|bal_dense_k1,SecFilled,3,0,3,0,True,True,True,-0.818652,-0.1445;-0.2954;-0.1132,llama-3.2-3b;mistral-7b-v0.3;qwen2.5-7b
DPO_freeâ†’aware|bal_dense_k1,SecPresence,3,0,3,0,True,True,True,-0.923195,-0.1157;-0.3178;-0.0870,llama-3.2-3b;mistral-7b-v0.3;qwen2.5-7b
DPO_freeâ†’aware|bal_dense_k1,SignalFilledRate,3,0,3,0,True,True,True,-0.8413400758533502,-0.1458;-0.2954;-0.0976,llama-3.2-3b;mistral-7b-v0.3;qwen2.5-7b
DPO_freeâ†’aware|bal_dense_k1,TransferRate,3,3,0,0,True,True,True,0.9876182640888523,0.4874;0.7067;0.2232,llama-3.2-3b;mistral-7b-v0.3;qwen2.5-7b
DPO_freeâ†’aware|bal_dense_k1,UAHE_Total,3,0,3,0,True,False,True,-0.521748,-0.3146;-0.0614;-0.2379,llama-3.2-3b;mistral-7b-v0.3;qwen2.5-7b
DPO_freeâ†’aware|bal_dense_k1,UAHE_per_1kTok,3,0,3,0,True,False,True,-0.526358,-1.4138;-0.2375;-1.0404,llama-3.2-3b;mistral-7b-v0.3;qwen2.5-7b
DPO_freeâ†’aware|bal_dense_k1,UnknownRate,3,3,0,0,True,True,True,0.8939958592132505,0.1151;0.3165;0.0863,llama-3.2-3b;mistral-7b-v0.3;qwen2.5-7b
DPO_freeâ†’aware|bal_k0,CTQRS,3,0,3,0,True,False,True,-0.185907,-0.0029;-0.0267;-0.0145,llama-3.2-3b;mistral-7b-v0.3;qwen2.5-7b
DPO_freeâ†’aware|bal_k0,CondFilledRate,3,0,3,0,True,True,True,-0.776033,-0.0457;-0.2607;-0.0699,llama-3.2-3b;mistral-7b-v0.3;qwen2.5-7b
DPO_freeâ†’aware|bal_k0,ContextSupportRate,3,2,1,0,False,False,False,0.42486,-0.0143;0.0561;0.0453,llama-3.2-3b;mistral-7b-v0.3;qwen2.5-7b
DPO_freeâ†’aware|bal_k0,ContextUnattributedRate,3,1,2,0,False,False,False,-0.373763,-0.0318;0.0002;-0.0555,llama-3.2-3b;mistral-7b-v0.3;qwen2.5-7b
DPO_freeâ†’aware|bal_k0,IUHE_Total,3,0,3,0,True,False,False,-0.19717435180872536,-0.0793;-0.0077;-0.0844,llama-3.2-3b;mistral-7b-v0.3;qwen2.5-7b
DPO_freeâ†’aware|bal_k0,IUHE_per_1kTok,3,0,3,0,True,False,False,-0.11031664964249234,-0.1225;-0.0489;-0.3934,llama-3.2-3b;mistral-7b-v0.3;qwen2.5-7b
DPO_freeâ†’aware|bal_k0,NoSignalFilledRate,3,3,0,0,True,False,True,0.9569015725101921,0.0111;0.2379;0.0072,llama-3.2-3b;mistral-7b-v0.3;qwen2.5-7b
DPO_freeâ†’aware|bal_k0,PlaceholderRate,3,3,0,0,True,False,True,0.7142857142857143,0.0051;0.4111;0.0262,llama-3.2-3b;mistral-7b-v0.3;qwen2.5-7b
DPO_freeâ†’aware|bal_k0,RAHE_Total,3,0,0,3,True,False,False,0.0,0.0000;0.0000;0.0000,llama-3.2-3b;mistral-7b-v0.3;qwen2.5-7b
DPO_freeâ†’aware|bal_k0,RAHE_per_1kTok,3,0,0,3,True,False,False,0.0,0.0000;0.0000;0.0000,llama-3.2-3b;mistral-7b-v0.3;qwen2.5-7b
DPO_freeâ†’aware|bal_k0,ROUGE1_F1,3,0,3,0,True,False,True,-0.420447,-0.0439;-0.0348;-0.0187,llama-3.2-3b;mistral-7b-v0.3;qwen2.5-7b
DPO_freeâ†’aware|bal_k0,ROUGE1_F1_NORM,3,0,3,0,True,False,True,-0.429549,-0.0440;-0.0370;-0.0186,llama-3.2-3b;mistral-7b-v0.3;qwen2.5-7b
DPO_freeâ†’aware|bal_k0,ROUGE1_R,3,1,2,0,False,False,True,-0.134006,-0.0411;0.0236;-0.0063,llama-3.2-3b;mistral-7b-v0.3;qwen2.5-7b
DPO_freeâ†’aware|bal_k0,ROUGE1_R_NORM,3,1,2,0,False,False,True,-0.13322,-0.0417;0.0240;-0.0059,llama-3.2-3b;mistral-7b-v0.3;qwen2.5-7b
DPO_freeâ†’aware|bal_k0,SBERT,3,1,2,0,False,False,True,-0.327183,-0.0162;-0.0093;0.0082,llama-3.2-3b;mistral-7b-v0.3;qwen2.5-7b
DPO_freeâ†’aware|bal_k0,SBERT_NORM,3,1,2,0,False,False,True,-0.276972,-0.0135;-0.0099;0.0063,llama-3.2-3b;mistral-7b-v0.3;qwen2.5-7b
DPO_freeâ†’aware|bal_k0,SecFilled,3,0,3,0,True,True,True,-0.835845,-0.0703;-0.3990;-0.1132,llama-3.2-3b;mistral-7b-v0.3;qwen2.5-7b
DPO_freeâ†’aware|bal_k0,SecPresence,3,0,3,0,True,False,True,-0.667774,-0.0038;-0.4124;-0.0256,llama-3.2-3b;mistral-7b-v0.3;qwen2.5-7b
DPO_freeâ†’aware|bal_k0,SignalFilledRate,3,0,3,0,True,True,True,-0.8101851851851852,-0.0601;-0.4015;-0.0867,llama-3.2-3b;mistral-7b-v0.3;qwen2.5-7b
DPO_freeâ†’aware|bal_k0,TransferRate,3,0,0,3,True,False,False,0.0,0.0000;0.0000;0.0000,llama-3.2-3b;mistral-7b-v0.3;qwen2.5-7b
DPO_freeâ†’aware|bal_k0,UAHE_Total,3,0,3,0,True,False,False,-0.197174,-0.0793;-0.0077;-0.0844,llama-3.2-3b;mistral-7b-v0.3;qwen2.5-7b
DPO_freeâ†’aware|bal_k0,UAHE_per_1kTok,3,0,3,0,True,False,False,-0.110317,-0.1225;-0.0489;-0.3934,llama-3.2-3b;mistral-7b-v0.3;qwen2.5-7b
DPO_freeâ†’aware|bal_k0,UnknownRate,3,3,0,0,True,False,True,0.7454545454545455,0.0070;0.4130;0.0281,llama-3.2-3b;mistral-7b-v0.3;qwen2.5-7b
Denseâ†’Lex|sft_k1,CTQRS,3,2,1,0,False,False,False,0.002873,0.0083;0.0014;-0.0074,llama-3.2-3b;mistral-7b-v0.3;qwen2.5-7b
Denseâ†’Lex|sft_k1,CondFilledRate,3,1,2,0,False,False,False,-0.027068,-0.0054;-0.0078;0.0047,llama-3.2-3b;mistral-7b-v0.3;qwen2.5-7b
Denseâ†’Lex|sft_k1,ContextSupportRate,3,0,3,0,True,False,False,-0.08661,-0.0329;-0.0140;-0.0244,llama-3.2-3b;mistral-7b-v0.3;qwen2.5-7b
Denseâ†’Lex|sft_k1,ContextUnattributedRate,3,3,0,0,True,False,False,0.088634,0.0355;0.0140;0.0244,llama-3.2-3b;mistral-7b-v0.3;qwen2.5-7b
Denseâ†’Lex|sft_k1,IUHE_Total,3,1,2,0,False,False,False,-0.03666765412593397,0.0716;-0.2685;-0.0767,llama-3.2-3b;mistral-7b-v0.3;qwen2.5-7b
Denseâ†’Lex|sft_k1,IUHE_per_1kTok,3,1,2,0,False,False,False,-0.050664136622390894,-0.2215;-0.6537;0.0030,llama-3.2-3b;mistral-7b-v0.3;qwen2.5-7b
Denseâ†’Lex|sft_k1,NoSignalFilledRate,3,1,2,0,False,False,False,-0.04413472706155633,-0.0307;-0.0013;0.0013,llama-3.2-3b;mistral-7b-v0.3;qwen2.5-7b
Denseâ†’Lex|sft_k1,PlaceholderRate,3,1,2,0,False,False,False,0.011904761904761904,-0.0141;0.0077;-0.0013,llama-3.2-3b;mistral-7b-v0.3;qwen2.5-7b
Denseâ†’Lex|sft_k1,RAHE_Total,3,0,3,0,True,False,False,-0.08497211155378485,-0.1893;-0.1560;-0.0051,llama-3.2-3b;mistral-7b-v0.3;qwen2.5-7b
Denseâ†’Lex|sft_k1,RAHE_per_1kTok,3,0,3,0,True,False,False,-0.10564811052417716,-0.8625;-0.5511;-0.3130,llama-3.2-3b;mistral-7b-v0.3;qwen2.5-7b
Denseâ†’Lex|sft_k1,ROUGE1_F1,3,3,0,0,True,False,False,0.024503,0.0109;0.0029;0.0042,llama-3.2-3b;mistral-7b-v0.3;qwen2.5-7b
Denseâ†’Lex|sft_k1,ROUGE1_F1_NORM,3,3,0,0,True,False,False,0.026824,0.0087;0.0013;0.0053,llama-3.2-3b;mistral-7b-v0.3;qwen2.5-7b
Denseâ†’Lex|sft_k1,ROUGE1_R,3,3,0,0,True,False,False,0.061613,0.0083;0.0044;0.0115,llama-3.2-3b;mistral-7b-v0.3;qwen2.5-7b
Denseâ†’Lex|sft_k1,ROUGE1_R_NORM,3,3,0,0,True,False,False,0.052288,0.0064;0.0047;0.0120,llama-3.2-3b;mistral-7b-v0.3;qwen2.5-7b
Denseâ†’Lex|sft_k1,SBERT,3,1,2,0,False,False,False,-0.004092,-0.0089;-0.0018;0.0022,llama-3.2-3b;mistral-7b-v0.3;qwen2.5-7b
Denseâ†’Lex|sft_k1,SBERT_NORM,3,2,1,0,False,False,False,0.017039,-0.0075;0.0005;0.0039,llama-3.2-3b;mistral-7b-v0.3;qwen2.5-7b
Denseâ†’Lex|sft_k1,SecFilled,3,2,1,0,False,False,False,0.028415,0.0128;-0.0077;0.0026,llama-3.2-3b;mistral-7b-v0.3;qwen2.5-7b
Denseâ†’Lex|sft_k1,SecPresence,3,2,1,0,False,False,False,-0.011905,0.0141;-0.0083;0.0013,llama-3.2-3b;mistral-7b-v0.3;qwen2.5-7b
Denseâ†’Lex|sft_k1,SignalFilledRate,3,2,1,0,False,False,False,0.04032729398012858,0.0117;-0.0068;0.0051,llama-3.2-3b;mistral-7b-v0.3;qwen2.5-7b
Denseâ†’Lex|sft_k1,TransferRate,3,0,3,0,True,False,False,-0.06935417523652818,-0.0381;-0.0209;-0.0188,llama-3.2-3b;mistral-7b-v0.3;qwen2.5-7b
Denseâ†’Lex|sft_k1,UAHE_Total,3,1,2,0,False,False,False,0.061396,0.2609;-0.1125;-0.0716,llama-3.2-3b;mistral-7b-v0.3;qwen2.5-7b
Denseâ†’Lex|sft_k1,UAHE_per_1kTok,3,2,1,0,False,False,False,0.067724,0.6410;-0.1026;0.3159,llama-3.2-3b;mistral-7b-v0.3;qwen2.5-7b
Denseâ†’Lex|sft_k1,UnknownRate,3,1,2,0,False,False,False,0.00784313725490196,-0.0160;0.0090;-0.0013,llama-3.2-3b;mistral-7b-v0.3;qwen2.5-7b
NoMaskâ†’HardMask|sft_dense_k1,CTQRS,3,2,1,0,False,False,False,0.05181,0.0002;0.0048;-0.0093,llama-3.2-3b;mistral-7b-v0.3;qwen2.5-7b
NoMaskâ†’HardMask|sft_dense_k1,CondFilledRate,3,0,3,0,True,False,False,-0.276836,-0.0137;-0.0104;-0.0126,llama-3.2-3b;mistral-7b-v0.3;qwen2.5-7b
NoMaskâ†’HardMask|sft_dense_k1,ContextSupportRate,3,0,3,0,True,True,True,-0.970966,-0.4920;-0.3973;-0.2741,llama-3.2-3b;mistral-7b-v0.3;qwen2.5-7b
NoMaskâ†’HardMask|sft_dense_k1,ContextUnattributedRate,3,3,0,0,True,True,True,0.965116,0.4766;0.3973;0.2511,llama-3.2-3b;mistral-7b-v0.3;qwen2.5-7b
NoMaskâ†’HardMask|sft_dense_k1,IUHE_Total,3,0,3,0,True,True,True,-0.762451583504215,-2.0384;-1.2583;-0.4476,llama-3.2-3b;mistral-7b-v0.3;qwen2.5-7b
NoMaskâ†’HardMask|sft_dense_k1,IUHE_per_1kTok,3,0,3,0,True,True,True,-0.5915808248098132,-5.2636;-2.6835;-1.4953,llama-3.2-3b;mistral-7b-v0.3;qwen2.5-7b
NoMaskâ†’HardMask|sft_dense_k1,NoSignalFilledRate,3,3,0,0,True,False,False,0.6324110671936759,0.0307;0.0303;0.0311,llama-3.2-3b;mistral-7b-v0.3;qwen2.5-7b
NoMaskâ†’HardMask|sft_dense_k1,PlaceholderRate,3,3,0,0,True,False,False,0.5206149545772187,0.0332;0.0307;0.0352,llama-3.2-3b;mistral-7b-v0.3;qwen2.5-7b
NoMaskâ†’HardMask|sft_dense_k1,RAHE_Total,3,0,3,0,True,True,True,-1.0,-3.1637;-2.3939;-1.6650,llama-3.2-3b;mistral-7b-v0.3;qwen2.5-7b
NoMaskâ†’HardMask|sft_dense_k1,RAHE_per_1kTok,3,0,3,0,True,True,True,-1.0,-9.5072;-6.0052;-5.0009,llama-3.2-3b;mistral-7b-v0.3;qwen2.5-7b
NoMaskâ†’HardMask|sft_dense_k1,ROUGE1_F1,3,0,3,0,True,False,False,-0.089991,-0.0052;-0.0001;-0.0077,llama-3.2-3b;mistral-7b-v0.3;qwen2.5-7b
NoMaskâ†’HardMask|sft_dense_k1,ROUGE1_F1_NORM,3,0,3,0,True,False,False,-0.092866,-0.0065;-0.0011;-0.0071,llama-3.2-3b;mistral-7b-v0.3;qwen2.5-7b
NoMaskâ†’HardMask|sft_dense_k1,ROUGE1_R,3,0,3,0,True,False,False,-0.107511,-0.0104;-0.0070;-0.0058,llama-3.2-3b;mistral-7b-v0.3;qwen2.5-7b
NoMaskâ†’HardMask|sft_dense_k1,ROUGE1_R_NORM,3,0,3,0,True,False,False,-0.01373,-0.0075;-0.0038;-0.0057,llama-3.2-3b;mistral-7b-v0.3;qwen2.5-7b
NoMaskâ†’HardMask|sft_dense_k1,SBERT,3,1,2,0,False,False,False,-0.024534,-0.0030;0.0095;-0.0004,llama-3.2-3b;mistral-7b-v0.3;qwen2.5-7b
NoMaskâ†’HardMask|sft_dense_k1,SBERT_NORM,3,2,1,0,False,False,False,0.032845,-0.0042;0.0098;0.0013,llama-3.2-3b;mistral-7b-v0.3;qwen2.5-7b
NoMaskâ†’HardMask|sft_dense_k1,SecFilled,3,0,3,0,True,False,False,-0.369458,-0.0160;-0.0185;-0.0313,llama-3.2-3b;mistral-7b-v0.3;qwen2.5-7b
NoMaskâ†’HardMask|sft_dense_k1,SecPresence,3,0,3,0,True,False,False,-0.373333,-0.0121;-0.0185;-0.0345,llama-3.2-3b;mistral-7b-v0.3;qwen2.5-7b
NoMaskâ†’HardMask|sft_dense_k1,SignalFilledRate,3,0,3,0,True,False,False,-0.41545893719806765,-0.0256;-0.0234;-0.0286,llama-3.2-3b;mistral-7b-v0.3;qwen2.5-7b
NoMaskâ†’HardMask|sft_dense_k1,TransferRate,3,0,3,0,True,True,True,-1.0,-0.6498;-0.5139;-0.3601,llama-3.2-3b;mistral-7b-v0.3;qwen2.5-7b
NoMaskâ†’HardMask|sft_dense_k1,UAHE_Total,3,3,0,0,True,True,True,0.730595,1.1253;1.1356;1.2174,llama-3.2-3b;mistral-7b-v0.3;qwen2.5-7b
NoMaskâ†’HardMask|sft_dense_k1,UAHE_per_1kTok,3,3,0,0,True,True,True,0.700062,4.2437;3.3217;3.5057,llama-3.2-3b;mistral-7b-v0.3;qwen2.5-7b
NoMaskâ†’HardMask|sft_dense_k1,UnknownRate,3,3,0,0,True,False,False,0.37846153846153846,0.0121;0.0192;0.0345,llama-3.2-3b;mistral-7b-v0.3;qwen2.5-7b
NoRAGâ†’RAG|dpo_retr_bal,CTQRS,6,5,1,0,False,False,True,0.301596,0.0254;0.0516;-0.0123;0.0778;0.0043;0.0308,llama-3.2-3b;llama-3.2-3b;mistral-7b-v0.3;mistral-7b-v0.3;qwen2.5-7b;qwen2.5-7b
NoRAGâ†’RAG|dpo_retr_bal,CondFilledRate,6,2,4,0,False,False,False,-0.09845799999999999,-0.0046;-0.0569;-0.0163;0.0759;-0.0078;0.0037,llama-3.2-3b;llama-3.2-3b;mistral-7b-v0.3;mistral-7b-v0.3;qwen2.5-7b;qwen2.5-7b
NoRAGâ†’RAG|dpo_retr_bal,ContextSupportRate,6,6,0,0,True,True,True,0.6702635,0.1243;0.4011;0.0897;0.3920;0.1047;0.1975,llama-3.2-3b;llama-3.2-3b;mistral-7b-v0.3;mistral-7b-v0.3;qwen2.5-7b;qwen2.5-7b
NoRAGâ†’RAG|dpo_retr_bal,ContextUnattributedRate,6,0,6,0,True,False,True,-0.513907,-0.0118;-0.0839;-0.0053;-0.0493;-0.0689;-0.0901,llama-3.2-3b;llama-3.2-3b;mistral-7b-v0.3;mistral-7b-v0.3;qwen2.5-7b;qwen2.5-7b
NoRAGâ†’RAG|dpo_retr_bal,IUHE_Total,6,6,0,0,True,True,True,0.8624980310905941,1.0256;3.1228;0.6905;4.1049;0.4399;1.1893,llama-3.2-3b;llama-3.2-3b;mistral-7b-v0.3;mistral-7b-v0.3;qwen2.5-7b;qwen2.5-7b
NoRAGâ†’RAG|dpo_retr_bal,IUHE_per_1kTok,6,6,0,0,True,False,True,0.7874599607915178,3.5254;10.9069;1.7676;10.3296;1.1358;2.9333,llama-3.2-3b;llama-3.2-3b;mistral-7b-v0.3;mistral-7b-v0.3;qwen2.5-7b;qwen2.5-7b
NoRAGâ†’RAG|dpo_retr_bal,NoSignalFilledRate,6,5,1,0,False,False,True,0.6175490196078431,0.0192;0.0806;0.0239;-0.0094;0.0128;0.0708,llama-3.2-3b;llama-3.2-3b;mistral-7b-v0.3;mistral-7b-v0.3;qwen2.5-7b;qwen2.5-7b
NoRAGâ†’RAG|dpo_retr_bal,PlaceholderRate,6,5,1,0,False,False,True,0.5376193309868071,0.0211;0.1400;0.0160;-0.0806;0.0134;0.0774,llama-3.2-3b;llama-3.2-3b;mistral-7b-v0.3;mistral-7b-v0.3;qwen2.5-7b;qwen2.5-7b
NoRAGâ†’RAG|dpo_retr_bal,RAHE_Total,6,6,0,0,True,True,True,1.0,0.9923;3.3248;0.6496;4.1176;0.5166;1.4194,llama-3.2-3b;llama-3.2-3b;mistral-7b-v0.3;mistral-7b-v0.3;qwen2.5-7b;qwen2.5-7b
NoRAGâ†’RAG|dpo_retr_bal,RAHE_per_1kTok,6,6,0,0,True,True,True,1.0,3.4793;12.1521;1.7598;10.5105;1.6794;4.1239,llama-3.2-3b;llama-3.2-3b;mistral-7b-v0.3;mistral-7b-v0.3;qwen2.5-7b;qwen2.5-7b
NoRAGâ†’RAG|dpo_retr_bal,ROUGE1_F1,6,2,4,0,False,False,True,-0.012930999999999998,-0.0112;-0.1020;0.0034;-0.0147;0.0074;-0.0003,llama-3.2-3b;llama-3.2-3b;mistral-7b-v0.3;mistral-7b-v0.3;qwen2.5-7b;qwen2.5-7b
NoRAGâ†’RAG|dpo_retr_bal,ROUGE1_F1_NORM,6,3,3,0,False,False,True,-0.003037999999999999,-0.0103;-0.0936;0.0059;-0.0012;0.0080;0.0005,llama-3.2-3b;llama-3.2-3b;mistral-7b-v0.3;mistral-7b-v0.3;qwen2.5-7b;qwen2.5-7b
NoRAGâ†’RAG|dpo_retr_bal,ROUGE1_R,6,5,1,0,False,False,True,0.2976165,0.0220;-0.0204;0.0314;0.0167;0.0255;0.0561,llama-3.2-3b;llama-3.2-3b;mistral-7b-v0.3;mistral-7b-v0.3;qwen2.5-7b;qwen2.5-7b
NoRAGâ†’RAG|dpo_retr_bal,ROUGE1_R_NORM,6,5,1,0,False,False,True,0.2982865,0.0210;-0.0153;0.0328;0.0247;0.0253;0.0566,llama-3.2-3b;llama-3.2-3b;mistral-7b-v0.3;mistral-7b-v0.3;qwen2.5-7b;qwen2.5-7b
NoRAGâ†’RAG|dpo_retr_bal,SBERT,6,1,5,0,False,False,True,-0.34524900000000003,-0.0375;-0.1826;-0.0049;-0.0819;0.0002;-0.0281,llama-3.2-3b;llama-3.2-3b;mistral-7b-v0.3;mistral-7b-v0.3;qwen2.5-7b;qwen2.5-7b
NoRAGâ†’RAG|dpo_retr_bal,SBERT_NORM,6,1,5,0,False,False,True,-0.2970925,-0.0357;-0.1730;0.0003;-0.0681;-0.0009;-0.0270,llama-3.2-3b;llama-3.2-3b;mistral-7b-v0.3;mistral-7b-v0.3;qwen2.5-7b;qwen2.5-7b
NoRAGâ†’RAG|dpo_retr_bal,SecFilled,6,1,5,0,False,False,False,-0.1663285,-0.0064;-0.0806;-0.0275;0.0761;-0.0141;-0.0141,llama-3.2-3b;llama-3.2-3b;mistral-7b-v0.3;mistral-7b-v0.3;qwen2.5-7b;qwen2.5-7b
NoRAGâ†’RAG|dpo_retr_bal,SecPresence,6,1,5,0,False,False,True,-0.551527,-0.0205;-0.1324;-0.0147;0.0799;-0.0141;-0.0754,llama-3.2-3b;llama-3.2-3b;mistral-7b-v0.3;mistral-7b-v0.3;qwen2.5-7b;qwen2.5-7b
NoRAGâ†’RAG|dpo_retr_bal,SignalFilledRate,6,1,5,0,False,False,True,-0.27893557422969184,-0.0115;-0.0972;-0.0286;0.0776;-0.0147;-0.0256,llama-3.2-3b;llama-3.2-3b;mistral-7b-v0.3;mistral-7b-v0.3;qwen2.5-7b;qwen2.5-7b
NoRAGâ†’RAG|dpo_retr_bal,TransferRate,6,6,0,0,True,True,True,1.0,0.2768;0.7642;0.2119;0.9186;0.1563;0.3795,llama-3.2-3b;llama-3.2-3b;mistral-7b-v0.3;mistral-7b-v0.3;qwen2.5-7b;qwen2.5-7b
NoRAGâ†’RAG|dpo_retr_bal,UAHE_Total,6,2,4,0,False,False,True,-0.138878,0.0332;-0.2020;0.0409;-0.0128;-0.0767;-0.2302,llama-3.2-3b;llama-3.2-3b;mistral-7b-v0.3;mistral-7b-v0.3;qwen2.5-7b;qwen2.5-7b
NoRAGâ†’RAG|dpo_retr_bal,UAHE_per_1kTok,6,2,4,0,False,False,True,-0.295321,0.0461;-1.2453;0.0078;-0.1808;-0.5436;-1.1905,llama-3.2-3b;llama-3.2-3b;mistral-7b-v0.3;mistral-7b-v0.3;qwen2.5-7b;qwen2.5-7b
NoRAGâ†’RAG|dpo_retr_bal,UnknownRate,6,5,1,0,False,False,True,0.5686604411788506,0.0211;0.1292;0.0153;-0.0812;0.0160;0.0742,llama-3.2-3b;llama-3.2-3b;mistral-7b-v0.3;mistral-7b-v0.3;qwen2.5-7b;qwen2.5-7b
NoRAGâ†’RAG|sft,CTQRS,3,3,0,0,True,False,False,0.171774,0.0222;0.0136;0.0227,llama-3.2-3b;mistral-7b-v0.3;qwen2.5-7b
NoRAGâ†’RAG|sft,CondFilledRate,3,1,2,0,False,False,False,-0.047541,-0.0406;0.0037;-0.0057,llama-3.2-3b;mistral-7b-v0.3;qwen2.5-7b
NoRAGâ†’RAG|sft,ContextSupportRate,3,3,0,0,True,True,True,0.965204,0.5109;0.4071;0.2963,llama-3.2-3b;mistral-7b-v0.3;qwen2.5-7b
NoRAGâ†’RAG|sft,ContextUnattributedRate,3,0,3,0,True,True,True,-0.965166,-0.5135;-0.4071;-0.2963,llama-3.2-3b;mistral-7b-v0.3;qwen2.5-7b
NoRAGâ†’RAG|sft,IUHE_Total,3,3,0,0,True,False,True,0.24334938519799898,0.4476;0.5141;0.1176,llama-3.2-3b;mistral-7b-v0.3;qwen2.5-7b
NoRAGâ†’RAG|sft,IUHE_per_1kTok,3,2,1,0,False,False,False,0.08273850854048048,1.4646;0.4685;-0.9193,llama-3.2-3b;mistral-7b-v0.3;qwen2.5-7b
NoRAGâ†’RAG|sft,NoSignalFilledRate,3,1,2,0,False,False,False,-0.2887624466571835,0.0448;-0.0243;-0.0294,llama-3.2-3b;mistral-7b-v0.3;qwen2.5-7b
NoRAGâ†’RAG|sft,PlaceholderRate,3,1,2,0,False,False,False,-0.1567489114658926,0.0723;-0.0224;-0.0173,llama-3.2-3b;mistral-7b-v0.3;qwen2.5-7b
NoRAGâ†’RAG|sft,RAHE_Total,3,3,0,0,True,True,True,1.0,3.1637;2.3939;1.6650,llama-3.2-3b;mistral-7b-v0.3;qwen2.5-7b
NoRAGâ†’RAG|sft,RAHE_per_1kTok,3,3,0,0,True,True,True,1.0,9.5072;6.0052;5.0009,llama-3.2-3b;mistral-7b-v0.3;qwen2.5-7b
NoRAGâ†’RAG|sft,ROUGE1_F1,3,1,2,0,False,False,False,-0.05119,-0.0089;-0.0060;0.0066,llama-3.2-3b;mistral-7b-v0.3;qwen2.5-7b
NoRAGâ†’RAG|sft,ROUGE1_F1_NORM,3,1,2,0,False,False,False,-0.038783,-0.0069;-0.0058;0.0041,llama-3.2-3b;mistral-7b-v0.3;qwen2.5-7b
NoRAGâ†’RAG|sft,ROUGE1_R,3,3,0,0,True,False,True,0.245889,0.0053;0.0285;0.0262,llama-3.2-3b;mistral-7b-v0.3;qwen2.5-7b
NoRAGâ†’RAG|sft,ROUGE1_R_NORM,3,3,0,0,True,False,True,0.248809,0.0056;0.0287;0.0255,llama-3.2-3b;mistral-7b-v0.3;qwen2.5-7b
NoRAGâ†’RAG|sft,SBERT,3,0,3,0,True,False,True,-0.334099,-0.0465;-0.0324;-0.0034,llama-3.2-3b;mistral-7b-v0.3;qwen2.5-7b
NoRAGâ†’RAG|sft,SBERT_NORM,3,0,3,0,True,False,True,-0.275093,-0.0454;-0.0291;-0.0043,llama-3.2-3b;mistral-7b-v0.3;qwen2.5-7b
NoRAGâ†’RAG|sft,SecFilled,3,2,1,0,False,False,False,0.084746,-0.0652;0.0198;0.0128,llama-3.2-3b;mistral-7b-v0.3;qwen2.5-7b
NoRAGâ†’RAG|sft,SecPresence,3,2,1,0,False,False,False,0.156749,-0.0729;0.0230;0.0173,llama-3.2-3b;mistral-7b-v0.3;qwen2.5-7b
NoRAGâ†’RAG|sft,SignalFilledRate,3,2,1,0,False,False,False,0.07540983606557378,-0.0676;0.0141;0.0094,llama-3.2-3b;mistral-7b-v0.3;qwen2.5-7b
NoRAGâ†’RAG|sft,TransferRate,3,3,0,0,True,True,True,1.0,0.6498;0.5139;0.3601,llama-3.2-3b;mistral-7b-v0.3;qwen2.5-7b
NoRAGâ†’RAG|sft,UAHE_Total,3,0,3,0,True,True,True,-0.84388,-2.7161;-1.8798;-1.5473,llama-3.2-3b;mistral-7b-v0.3;qwen2.5-7b
NoRAGâ†’RAG|sft,UAHE_per_1kTok,3,0,3,0,True,True,True,-0.834769,-8.0426;-5.5367;-5.9202,llama-3.2-3b;mistral-7b-v0.3;qwen2.5-7b
NoRAGâ†’RAG|sft,UnknownRate,3,1,2,0,False,False,False,-0.1530398322851153,0.0742;-0.0230;-0.0166,llama-3.2-3b;mistral-7b-v0.3;qwen2.5-7b
SFTâ†’DPO_aware_bal|dense_k1,CTQRS,3,1,2,0,False,False,True,-0.217952,-0.0681;0.0147;-0.0221,llama-3.2-3b;mistral-7b-v0.3;qwen2.5-7b
SFTâ†’DPO_aware_bal|dense_k1,CondFilledRate,3,2,1,0,False,False,True,0.682216,0.1102;-0.0083;0.1392,llama-3.2-3b;mistral-7b-v0.3;qwen2.5-7b
SFTâ†’DPO_aware_bal|dense_k1,ContextSupportRate,3,3,0,0,True,False,True,0.352835,0.0655;0.3171;0.1158,llama-3.2-3b;mistral-7b-v0.3;qwen2.5-7b
SFTâ†’DPO_aware_bal|dense_k1,ContextUnattributedRate,3,0,3,0,True,True,True,-0.975477,-0.2573;-0.3401;-0.3844,llama-3.2-3b;mistral-7b-v0.3;qwen2.5-7b
SFTâ†’DPO_aware_bal|dense_k1,IUHE_Total,3,0,3,0,True,False,True,-0.5907614399227066,-1.3376;-0.0818;-2.4885,llama-3.2-3b;mistral-7b-v0.3;qwen2.5-7b
SFTâ†’DPO_aware_bal|dense_k1,IUHE_per_1kTok,3,0,3,0,True,False,True,-0.23740573152337857,-1.5006;-0.0970;-7.7683,llama-3.2-3b;mistral-7b-v0.3;qwen2.5-7b
SFTâ†’DPO_aware_bal|dense_k1,NoSignalFilledRate,3,0,3,0,True,False,True,-0.7746523388116309,-0.2101;-0.0298;-0.1957,llama-3.2-3b;mistral-7b-v0.3;qwen2.5-7b
SFTâ†’DPO_aware_bal|dense_k1,PlaceholderRate,3,0,3,0,True,False,True,-0.835125688936685,-0.2756;-0.0070;-0.2756,llama-3.2-3b;mistral-7b-v0.3;qwen2.5-7b
SFTâ†’DPO_aware_bal|dense_k1,RAHE_Total,3,2,1,0,False,False,True,-0.01700802265219443,0.1611;1.7238;-0.2455,llama-3.2-3b;mistral-7b-v0.3;qwen2.5-7b
SFTâ†’DPO_aware_bal|dense_k1,RAHE_per_1kTok,3,2,1,0,False,False,True,0.25479794472989864,2.6449;4.5053;-0.8770,llama-3.2-3b;mistral-7b-v0.3;qwen2.5-7b
SFTâ†’DPO_aware_bal|dense_k1,ROUGE1_F1,3,0,3,0,True,True,True,-0.558896,-0.1317;-0.0698;-0.0692,llama-3.2-3b;mistral-7b-v0.3;qwen2.5-7b
SFTâ†’DPO_aware_bal|dense_k1,ROUGE1_F1_NORM,3,0,3,0,True,True,True,-0.612748,-0.1323;-0.0709;-0.0782,llama-3.2-3b;mistral-7b-v0.3;qwen2.5-7b
SFTâ†’DPO_aware_bal|dense_k1,ROUGE1_R,3,0,3,0,True,True,True,-0.536055,-0.1862;-0.0452;-0.0498,llama-3.2-3b;mistral-7b-v0.3;qwen2.5-7b
SFTâ†’DPO_aware_bal|dense_k1,ROUGE1_R_NORM,3,0,3,0,True,True,True,-0.56744,-0.1882;-0.0425;-0.0544,llama-3.2-3b;mistral-7b-v0.3;qwen2.5-7b
SFTâ†’DPO_aware_bal|dense_k1,SBERT,3,0,3,0,True,True,True,-0.6885,-0.1518;-0.0779;-0.0308,llama-3.2-3b;mistral-7b-v0.3;qwen2.5-7b
SFTâ†’DPO_aware_bal|dense_k1,SBERT_NORM,3,0,3,0,True,True,True,-0.669048,-0.1466;-0.0731;-0.0363,llama-3.2-3b;mistral-7b-v0.3;qwen2.5-7b
SFTâ†’DPO_aware_bal|dense_k1,SecFilled,3,3,0,0,True,False,True,0.772499,0.2263;0.0096;0.2468,llama-3.2-3b;mistral-7b-v0.3;qwen2.5-7b
SFTâ†’DPO_aware_bal|dense_k1,SecPresence,3,3,0,0,True,False,True,0.845611,0.2871;0.0083;0.2832,llama-3.2-3b;mistral-7b-v0.3;qwen2.5-7b
SFTâ†’DPO_aware_bal|dense_k1,SignalFilledRate,3,3,0,0,True,False,True,0.7998870127424518,0.2298;0.0081;0.2581,llama-3.2-3b;mistral-7b-v0.3;qwen2.5-7b
SFTâ†’DPO_aware_bal|dense_k1,TransferRate,3,3,0,0,True,False,True,0.24236094994971766,0.1144;0.4047;0.0194,llama-3.2-3b;mistral-7b-v0.3;qwen2.5-7b
SFTâ†’DPO_aware_bal|dense_k1,UAHE_Total,3,0,3,0,True,True,True,-0.993882,-1.4987;-1.8056;-2.2430,llama-3.2-3b;mistral-7b-v0.3;qwen2.5-7b
SFTâ†’DPO_aware_bal|dense_k1,UAHE_per_1kTok,3,0,3,0,True,True,True,-0.974268,-4.1456;-4.6023;-6.8913,llama-3.2-3b;mistral-7b-v0.3;qwen2.5-7b
SFTâ†’DPO_aware_bal|dense_k1,UnknownRate,3,0,3,0,True,False,True,-0.8400770712909441,-0.2871;-0.0083;-0.2813,llama-3.2-3b;mistral-7b-v0.3;qwen2.5-7b
SFTâ†’DPO_aware_bal|k0,CTQRS,3,0,3,0,True,True,True,-0.39513,-0.0975;-0.0496;-0.0302,llama-3.2-3b;mistral-7b-v0.3;qwen2.5-7b
SFTâ†’DPO_aware_bal|k0,CondFilledRate,3,2,1,0,False,False,True,0.576463,0.1265;-0.0805;0.1298,llama-3.2-3b;mistral-7b-v0.3;qwen2.5-7b
SFTâ†’DPO_aware_bal|k0,ContextSupportRate,3,3,0,0,True,True,True,0.821876,0.1754;0.3322;0.2147,llama-3.2-3b;mistral-7b-v0.3;qwen2.5-7b
SFTâ†’DPO_aware_bal|k0,ContextUnattributedRate,3,0,3,0,True,True,True,-0.993101,-0.6869;-0.6979;-0.5906,llama-3.2-3b;mistral-7b-v0.3;qwen2.5-7b
SFTâ†’DPO_aware_bal|k0,IUHE_Total,3,0,3,0,True,True,True,-1.0,-4.0128;-3.6726;-3.5601,llama-3.2-3b;mistral-7b-v0.3;qwen2.5-7b
SFTâ†’DPO_aware_bal|k0,IUHE_per_1kTok,3,0,3,0,True,True,True,-0.9843385406367412,-10.9429;-9.9582;-11.6210,llama-3.2-3b;mistral-7b-v0.3;qwen2.5-7b
SFTâ†’DPO_aware_bal|k0,NoSignalFilledRate,3,0,3,0,True,False,True,-0.9408424908424908,-0.2460;-0.0448;-0.2958,llama-3.2-3b;mistral-7b-v0.3;qwen2.5-7b
SFTâ†’DPO_aware_bal|k0,PlaceholderRate,3,1,2,0,False,False,True,-0.9651386748844376,-0.3434;0.0512;-0.3702,llama-3.2-3b;mistral-7b-v0.3;qwen2.5-7b
SFTâ†’DPO_aware_bal|k0,RAHE_Total,3,0,0,3,True,False,False,0.0,0.0000;0.0000;0.0000,llama-3.2-3b;mistral-7b-v0.3;qwen2.5-7b
SFTâ†’DPO_aware_bal|k0,RAHE_per_1kTok,3,0,0,3,True,False,False,0.0,0.0000;0.0000;0.0000,llama-3.2-3b;mistral-7b-v0.3;qwen2.5-7b
SFTâ†’DPO_aware_bal|k0,ROUGE1_F1,3,0,3,0,True,True,True,-0.45112,-0.0386;-0.0611;-0.0623,llama-3.2-3b;mistral-7b-v0.3;qwen2.5-7b
SFTâ†’DPO_aware_bal|k0,ROUGE1_F1_NORM,3,0,3,0,True,True,True,-0.4994,-0.0456;-0.0755;-0.0746,llama-3.2-3b;mistral-7b-v0.3;qwen2.5-7b
SFTâ†’DPO_aware_bal|k0,ROUGE1_R,3,0,3,0,True,True,True,-0.739982,-0.1605;-0.0334;-0.0797,llama-3.2-3b;mistral-7b-v0.3;qwen2.5-7b
SFTâ†’DPO_aware_bal|k0,ROUGE1_R_NORM,3,0,3,0,True,True,True,-0.761738,-0.1672;-0.0385;-0.0854,llama-3.2-3b;mistral-7b-v0.3;qwen2.5-7b
SFTâ†’DPO_aware_bal|k0,SBERT,3,0,3,0,True,False,True,-0.32841,-0.0157;-0.0284;-0.0061,llama-3.2-3b;mistral-7b-v0.3;qwen2.5-7b
SFTâ†’DPO_aware_bal|k0,SBERT_NORM,3,0,3,0,True,True,True,-0.328514,-0.0190;-0.0341;-0.0136,llama-3.2-3b;mistral-7b-v0.3;qwen2.5-7b
SFTâ†’DPO_aware_bal|k0,SecFilled,3,2,1,0,False,False,True,0.722323,0.2417;-0.0467;0.2737,llama-3.2-3b;mistral-7b-v0.3;qwen2.5-7b
SFTâ†’DPO_aware_bal|k0,SecPresence,3,2,1,0,False,False,True,0.969156,0.3465;-0.0486;0.3760,llama-3.2-3b;mistral-7b-v0.3;qwen2.5-7b
SFTâ†’DPO_aware_bal|k0,SignalFilledRate,3,2,1,0,False,False,True,0.7906396651587536,0.2594;-0.0554;0.2931,llama-3.2-3b;mistral-7b-v0.3;qwen2.5-7b
SFTâ†’DPO_aware_bal|k0,TransferRate,3,0,0,3,True,False,False,0.0,0.0000;0.0000;0.0000,llama-3.2-3b;mistral-7b-v0.3;qwen2.5-7b
SFTâ†’DPO_aware_bal|k0,UAHE_Total,3,0,3,0,True,True,True,-1.0,-4.0128;-3.6726;-3.5601,llama-3.2-3b;mistral-7b-v0.3;qwen2.5-7b
SFTâ†’DPO_aware_bal|k0,UAHE_per_1kTok,3,0,3,0,True,True,True,-0.984339,-10.9429;-9.9582;-11.6210,llama-3.2-3b;mistral-7b-v0.3;qwen2.5-7b
SFTâ†’DPO_aware_bal|k0,UnknownRate,3,1,2,0,False,False,True,-0.9663585002568054,-0.3421;0.0499;-0.3721,llama-3.2-3b;mistral-7b-v0.3;qwen2.5-7b
SFTâ†’DPO_free_bal|dense_k1,CTQRS,3,0,3,0,True,True,True,-0.386815,-0.0914;-0.0488;-0.0340,llama-3.2-3b;mistral-7b-v0.3;qwen2.5-7b
SFTâ†’DPO_free_bal|dense_k1,CondFilledRate,3,3,0,0,True,True,True,0.927249,0.2081;0.1603;0.1975,llama-3.2-3b;mistral-7b-v0.3;qwen2.5-7b
SFTâ†’DPO_free_bal|dense_k1,ContextSupportRate,3,0,3,0,True,False,True,-0.051437,-0.1970;-0.0413;-0.0222,llama-3.2-3b;mistral-7b-v0.3;qwen2.5-7b
SFTâ†’DPO_free_bal|dense_k1,ContextUnattributedRate,3,0,3,0,True,True,True,-0.793858,-0.1534;-0.2963;-0.3077,llama-3.2-3b;mistral-7b-v0.3;qwen2.5-7b
SFTâ†’DPO_free_bal|dense_k1,IUHE_Total,3,0,3,0,True,True,True,-0.9697598662400184,-3.3555;-3.4885;-3.1535,llama-3.2-3b;mistral-7b-v0.3;qwen2.5-7b
SFTâ†’DPO_free_bal|dense_k1,IUHE_per_1kTok,3,0,3,0,True,True,True,-0.9559949904422912,-8.7597;-8.6102;-9.1725,llama-3.2-3b;mistral-7b-v0.3;qwen2.5-7b
SFTâ†’DPO_free_bal|dense_k1,NoSignalFilledRate,3,0,3,0,True,True,True,-0.9611342785654712,-0.2826;-0.2344;-0.2609,llama-3.2-3b;mistral-7b-v0.3;qwen2.5-7b
SFTâ†’DPO_free_bal|dense_k1,PlaceholderRate,3,0,3,0,True,True,True,-0.9777950310559006,-0.3996;-0.3216;-0.3657,llama-3.2-3b;mistral-7b-v0.3;qwen2.5-7b
SFTâ†’DPO_free_bal|dense_k1,RAHE_Total,3,0,3,0,True,True,True,-0.9443641765531837,-2.1714;-1.7442;-1.1483,llama-3.2-3b;mistral-7b-v0.3;qwen2.5-7b
SFTâ†’DPO_free_bal|dense_k1,RAHE_per_1kTok,3,0,3,0,True,True,True,-0.8472064235530278,-6.0280;-4.2454;-3.3216,llama-3.2-3b;mistral-7b-v0.3;qwen2.5-7b
SFTâ†’DPO_free_bal|dense_k1,ROUGE1_F1,3,1,2,0,False,False,True,-0.142153,0.0030;-0.0169;-0.0427,llama-3.2-3b;mistral-7b-v0.3;qwen2.5-7b
SFTâ†’DPO_free_bal|dense_k1,ROUGE1_F1_NORM,3,0,3,0,True,False,True,-0.229694,-0.0049;-0.0268;-0.0521,llama-3.2-3b;mistral-7b-v0.3;qwen2.5-7b
SFTâ†’DPO_free_bal|dense_k1,ROUGE1_R,3,0,3,0,True,True,True,-0.741351,-0.1027;-0.0541;-0.0742,llama-3.2-3b;mistral-7b-v0.3;qwen2.5-7b
SFTâ†’DPO_free_bal|dense_k1,ROUGE1_R_NORM,3,0,3,0,True,True,True,-0.760689,-0.1102;-0.0584;-0.0797,llama-3.2-3b;mistral-7b-v0.3;qwen2.5-7b
SFTâ†’DPO_free_bal|dense_k1,SBERT,3,2,1,0,False,False,True,0.110862,0.0095;0.0085;-0.0108,llama-3.2-3b;mistral-7b-v0.3;qwen2.5-7b
SFTâ†’DPO_free_bal|dense_k1,SBERT_NORM,3,2,1,0,False,False,True,0.049768,0.0042;0.0052;-0.0165,llama-3.2-3b;mistral-7b-v0.3;qwen2.5-7b
SFTâ†’DPO_free_bal|dense_k1,SecFilled,3,3,0,0,True,True,True,0.957888,0.3708;0.3050;0.3600,llama-3.2-3b;mistral-7b-v0.3;qwen2.5-7b
SFTâ†’DPO_free_bal|dense_k1,SecPresence,3,3,0,0,True,True,True,0.979115,0.4028;0.3261;0.3702,llama-3.2-3b;mistral-7b-v0.3;qwen2.5-7b
SFTâ†’DPO_free_bal|dense_k1,SignalFilledRate,3,3,0,0,True,True,True,0.9714946070878274,0.3755;0.3035;0.3557,llama-3.2-3b;mistral-7b-v0.3;qwen2.5-7b
SFTâ†’DPO_free_bal|dense_k1,TransferRate,3,0,3,0,True,True,True,-0.7339349701393497,-0.3730;-0.3019;-0.2038,llama-3.2-3b;mistral-7b-v0.3;qwen2.5-7b
SFTâ†’DPO_free_bal|dense_k1,UAHE_Total,3,0,3,0,True,True,True,-0.896464,-1.1841;-1.7442;-2.0051,llama-3.2-3b;mistral-7b-v0.3;qwen2.5-7b
SFTâ†’DPO_free_bal|dense_k1,UAHE_per_1kTok,3,0,3,0,True,True,True,-0.872493,-2.7317;-4.3648;-5.8509,llama-3.2-3b;mistral-7b-v0.3;qwen2.5-7b
SFTâ†’DPO_free_bal|dense_k1,UnknownRate,3,0,3,0,True,True,True,-0.9803560466543892,-0.4022;-0.3248;-0.3676,llama-3.2-3b;mistral-7b-v0.3;qwen2.5-7b
SFTâ†’DPO_free_bal|k0,CTQRS,3,0,3,0,True,False,True,-0.192231,-0.0946;-0.0229;-0.0157,llama-3.2-3b;mistral-7b-v0.3;qwen2.5-7b
SFTâ†’DPO_free_bal|k0,CondFilledRate,3,3,0,0,True,True,True,0.899157,0.1722;0.1803;0.1996,llama-3.2-3b;mistral-7b-v0.3;qwen2.5-7b
SFTâ†’DPO_free_bal|k0,ContextSupportRate,3,3,0,0,True,True,True,0.698424,0.1897;0.2761;0.1694,llama-3.2-3b;mistral-7b-v0.3;qwen2.5-7b
SFTâ†’DPO_free_bal|k0,ContextUnattributedRate,3,0,3,0,True,True,True,-0.989841,-0.6551;-0.6981;-0.5351,llama-3.2-3b;mistral-7b-v0.3;qwen2.5-7b
SFTâ†’DPO_free_bal|k0,IUHE_Total,3,0,3,0,True,True,True,-0.9983273498694517,-3.9335;-3.6650;-3.4757,llama-3.2-3b;mistral-7b-v0.3;qwen2.5-7b
SFTâ†’DPO_free_bal|k0,IUHE_per_1kTok,3,0,3,0,True,True,True,-0.9798299386988333,-10.8205;-9.9093;-11.2275,llama-3.2-3b;mistral-7b-v0.3;qwen2.5-7b
SFTâ†’DPO_free_bal|k0,NoSignalFilledRate,3,0,3,0,True,True,True,-0.9833355913832814,-0.2570;-0.2826;-0.3031,llama-3.2-3b;mistral-7b-v0.3;qwen2.5-7b
SFTâ†’DPO_free_bal|k0,PlaceholderRate,3,0,3,0,True,True,True,-0.9733479372033589,-0.3485;-0.3600;-0.3964,llama-3.2-3b;mistral-7b-v0.3;qwen2.5-7b
SFTâ†’DPO_free_bal|k0,RAHE_Total,3,0,0,3,True,False,False,0.0,0.0000;0.0000;0.0000,llama-3.2-3b;mistral-7b-v0.3;qwen2.5-7b
SFTâ†’DPO_free_bal|k0,RAHE_per_1kTok,3,0,0,3,True,False,False,0.0,0.0000;0.0000;0.0000,llama-3.2-3b;mistral-7b-v0.3;qwen2.5-7b
SFTâ†’DPO_free_bal|k0,ROUGE1_F1,3,1,2,0,False,False,True,-0.308837,0.0053;-0.0263;-0.0436,llama-3.2-3b;mistral-7b-v0.3;qwen2.5-7b
SFTâ†’DPO_free_bal|k0,ROUGE1_F1_NORM,3,0,3,0,True,False,True,-0.374237,-0.0015;-0.0385;-0.0560,llama-3.2-3b;mistral-7b-v0.3;qwen2.5-7b
SFTâ†’DPO_free_bal|k0,ROUGE1_R,3,0,3,0,True,True,True,-0.713382,-0.1193;-0.0570;-0.0735,llama-3.2-3b;mistral-7b-v0.3;qwen2.5-7b
SFTâ†’DPO_free_bal|k0,ROUGE1_R_NORM,3,0,3,0,True,True,True,-0.735133,-0.1255;-0.0625;-0.0794,llama-3.2-3b;mistral-7b-v0.3;qwen2.5-7b
SFTâ†’DPO_free_bal|k0,SBERT,3,1,2,0,False,False,True,-0.258051,0.0005;-0.0190;-0.0143,llama-3.2-3b;mistral-7b-v0.3;qwen2.5-7b
SFTâ†’DPO_free_bal|k0,SBERT_NORM,3,0,3,0,True,False,True,-0.280182,-0.0055;-0.0242;-0.0200,llama-3.2-3b;mistral-7b-v0.3;qwen2.5-7b
SFTâ†’DPO_free_bal|k0,SecFilled,3,3,0,0,True,True,True,0.951901,0.3120;0.3523;0.3868,llama-3.2-3b;mistral-7b-v0.3;qwen2.5-7b
SFTâ†’DPO_free_bal|k0,SecPresence,3,3,0,0,True,True,True,0.974993,0.3504;0.3638;0.4015,llama-3.2-3b;mistral-7b-v0.3;qwen2.5-7b
SFTâ†’DPO_free_bal|k0,SignalFilledRate,3,3,0,0,True,True,True,0.9664367816091954,0.3195;0.3461;0.3798,llama-3.2-3b;mistral-7b-v0.3;qwen2.5-7b
SFTâ†’DPO_free_bal|k0,TransferRate,3,0,0,3,True,False,False,0.0,0.0000;0.0000;0.0000,llama-3.2-3b;mistral-7b-v0.3;qwen2.5-7b
SFTâ†’DPO_free_bal|k0,UAHE_Total,3,0,3,0,True,True,True,-0.998327,-3.9335;-3.6650;-3.4757,llama-3.2-3b;mistral-7b-v0.3;qwen2.5-7b
SFTâ†’DPO_free_bal|k0,UAHE_per_1kTok,3,0,3,0,True,True,True,-0.97983,-10.8205;-9.9093;-11.2275,llama-3.2-3b;mistral-7b-v0.3;qwen2.5-7b
SFTâ†’DPO_free_bal|k0,UnknownRate,3,0,3,0,True,True,True,-0.9735949787172643,-0.3491;-0.3632;-0.4003,llama-3.2-3b;mistral-7b-v0.3;qwen2.5-7b
Simâ†’Rand|sft_dense_k1,CTQRS,3,0,3,0,True,False,False,-0.137726,-0.0211;-0.0133;-0.0227,llama-3.2-3b;mistral-7b-v0.3;qwen2.5-7b
Simâ†’Rand|sft_dense_k1,CondFilledRate,3,0,3,0,True,False,False,-0.014723,-0.0039;-0.0026;-0.0042,llama-3.2-3b;mistral-7b-v0.3;qwen2.5-7b
Simâ†’Rand|sft_dense_k1,ContextSupportRate,3,0,3,0,True,True,True,-0.595746,-0.2077;-0.2214;-0.1763,llama-3.2-3b;mistral-7b-v0.3;qwen2.5-7b
Simâ†’Rand|sft_dense_k1,ContextUnattributedRate,3,3,0,0,True,True,True,0.598861,0.2077;0.2214;0.1738,llama-3.2-3b;mistral-7b-v0.3;qwen2.5-7b
Simâ†’Rand|sft_dense_k1,IUHE_Total,3,2,1,0,False,False,False,-0.05685736677115987,0.5345;-0.3018;0.2455,llama-3.2-3b;mistral-7b-v0.3;qwen2.5-7b
Simâ†’Rand|sft_dense_k1,IUHE_per_1kTok,3,1,2,0,False,False,False,-0.05302164926022628,-0.5098;-0.3833;0.4378,llama-3.2-3b;mistral-7b-v0.3;qwen2.5-7b
Simâ†’Rand|sft_dense_k1,NoSignalFilledRate,3,1,2,0,False,False,False,-0.022222222222222223,-0.0158;-0.0038;0.0243,llama-3.2-3b;mistral-7b-v0.3;qwen2.5-7b
Simâ†’Rand|sft_dense_k1,PlaceholderRate,3,1,2,0,False,False,False,-0.03787878787878788,-0.0121;-0.0026;0.0205,llama-3.2-3b;mistral-7b-v0.3;qwen2.5-7b
Simâ†’Rand|sft_dense_k1,RAHE_Total,3,0,3,0,True,True,True,-0.5775942055011822,-1.4118;-1.3708;-1.0000,llama-3.2-3b;mistral-7b-v0.3;qwen2.5-7b
Simâ†’Rand|sft_dense_k1,RAHE_per_1kTok,3,0,3,0,True,True,True,-0.5513390313390314,-4.1224;-3.2087;-2.8609,llama-3.2-3b;mistral-7b-v0.3;qwen2.5-7b
Simâ†’Rand|sft_dense_k1,ROUGE1_F1,3,0,3,0,True,False,True,-0.252436,-0.0584;-0.0392;-0.0371,llama-3.2-3b;mistral-7b-v0.3;qwen2.5-7b
Simâ†’Rand|sft_dense_k1,ROUGE1_F1_NORM,3,0,3,0,True,True,True,-0.255532,-0.0605;-0.0404;-0.0354,llama-3.2-3b;mistral-7b-v0.3;qwen2.5-7b
Simâ†’Rand|sft_dense_k1,ROUGE1_R,3,0,3,0,True,True,True,-0.29657,-0.0538;-0.0603;-0.0374,llama-3.2-3b;mistral-7b-v0.3;qwen2.5-7b
Simâ†’Rand|sft_dense_k1,ROUGE1_R_NORM,3,0,3,0,True,True,True,-0.303062,-0.0551;-0.0600;-0.0368,llama-3.2-3b;mistral-7b-v0.3;qwen2.5-7b
Simâ†’Rand|sft_dense_k1,SBERT,3,0,3,0,True,False,False,-0.067984,-0.0354;-0.0263;-0.0199,llama-3.2-3b;mistral-7b-v0.3;qwen2.5-7b
Simâ†’Rand|sft_dense_k1,SBERT_NORM,3,0,3,0,True,False,False,-0.079754,-0.0353;-0.0243;-0.0195,llama-3.2-3b;mistral-7b-v0.3;qwen2.5-7b
Simâ†’Rand|sft_dense_k1,SecFilled,3,2,1,0,False,False,False,0.031553,0.0096;0.0026;-0.0185,llama-3.2-3b;mistral-7b-v0.3;qwen2.5-7b
Simâ†’Rand|sft_dense_k1,SecPresence,3,2,1,0,False,False,False,0.047283,0.0134;0.0032;-0.0198,llama-3.2-3b;mistral-7b-v0.3;qwen2.5-7b
Simâ†’Rand|sft_dense_k1,SignalFilledRate,3,2,1,0,False,False,False,0.04165214360404322,0.0060;0.0058;-0.0175,llama-3.2-3b;mistral-7b-v0.3;qwen2.5-7b
Simâ†’Rand|sft_dense_k1,TransferRate,3,0,3,0,True,True,True,-0.6165435966286268,-0.2571;-0.2702;-0.2036,llama-3.2-3b;mistral-7b-v0.3;qwen2.5-7b
Simâ†’Rand|sft_dense_k1,UAHE_Total,3,3,0,0,True,True,True,0.544287,1.9463;1.0691;1.2455,llama-3.2-3b;mistral-7b-v0.3;qwen2.5-7b
Simâ†’Rand|sft_dense_k1,UAHE_per_1kTok,3,3,0,0,True,True,True,0.482139,3.6126;2.8254;3.2987,llama-3.2-3b;mistral-7b-v0.3;qwen2.5-7b
Simâ†’Rand|sft_dense_k1,UnknownRate,3,1,2,0,False,False,False,-0.04728317659352142,-0.0134;-0.0032;0.0192,llama-3.2-3b;mistral-7b-v0.3;qwen2.5-7b
TplOnâ†’Off|sft_dense_k1,CTQRS,3,2,1,0,False,False,False,-0.01708,0.0006;-0.0030;0.0024,llama-3.2-3b;mistral-7b-v0.3;qwen2.5-7b
TplOnâ†’Off|sft_dense_k1,CondFilledRate,3,1,2,0,False,False,False,-0.333333,-0.0052;-0.0184;0.0108,llama-3.2-3b;mistral-7b-v0.3;qwen2.5-7b
TplOnâ†’Off|sft_dense_k1,ContextSupportRate,3,2,1,0,False,False,False,0.037975,0.0194;0.0037;-0.0119,llama-3.2-3b;mistral-7b-v0.3;qwen2.5-7b
TplOnâ†’Off|sft_dense_k1,ContextUnattributedRate,3,1,2,0,False,False,False,-0.035759,-0.0168;-0.0037;0.0119,llama-3.2-3b;mistral-7b-v0.3;qwen2.5-7b
TplOnâ†’Off|sft_dense_k1,IUHE_Total,3,1,2,0,False,False,False,-0.06428571428571428,0.0716;-0.0102;-0.1176,llama-3.2-3b;mistral-7b-v0.3;qwen2.5-7b
TplOnâ†’Off|sft_dense_k1,IUHE_per_1kTok,3,1,2,0,False,False,False,-0.08084945729117508,0.3122;-0.2917;-0.2498,llama-3.2-3b;mistral-7b-v0.3;qwen2.5-7b
TplOnâ†’Off|sft_dense_k1,NoSignalFilledRate,3,1,2,0,False,False,False,-0.16666666666666666,-0.0077;0.0192;-0.0051,llama-3.2-3b;mistral-7b-v0.3;qwen2.5-7b
TplOnâ†’Off|sft_dense_k1,PlaceholderRate,3,2,1,0,False,False,True,0.047619047619047616,0.0006;0.0307;-0.0134,llama-3.2-3b;mistral-7b-v0.3;qwen2.5-7b
TplOnâ†’Off|sft_dense_k1,RAHE_Total,3,1,1,1,False,False,False,0.046341463414634146,0.1330;0.0000;-0.0358,llama-3.2-3b;mistral-7b-v0.3;qwen2.5-7b
TplOnâ†’Off|sft_dense_k1,RAHE_per_1kTok,3,1,2,0,False,False,False,-0.13249607535321822,0.4559;-0.1439;-0.1451,llama-3.2-3b;mistral-7b-v0.3;qwen2.5-7b
TplOnâ†’Off|sft_dense_k1,ROUGE1_F1,3,0,3,0,True,False,False,-0.082746,-0.0017;-0.0104;-0.0001,llama-3.2-3b;mistral-7b-v0.3;qwen2.5-7b
TplOnâ†’Off|sft_dense_k1,ROUGE1_F1_NORM,3,1,2,0,False,False,False,-0.09039,-0.0028;-0.0110;0.0000,llama-3.2-3b;mistral-7b-v0.3;qwen2.5-7b
TplOnâ†’Off|sft_dense_k1,ROUGE1_R,3,1,2,0,False,False,False,0.033333,0.0080;-0.0113;-0.0002,llama-3.2-3b;mistral-7b-v0.3;qwen2.5-7b
TplOnâ†’Off|sft_dense_k1,ROUGE1_R_NORM,3,1,2,0,False,False,False,0.048268,0.0072;-0.0112;-0.0001,llama-3.2-3b;mistral-7b-v0.3;qwen2.5-7b
TplOnâ†’Off|sft_dense_k1,SBERT,3,0,3,0,True,False,False,-0.021864,-0.0012;-0.0045;-0.0013,llama-3.2-3b;mistral-7b-v0.3;qwen2.5-7b
TplOnâ†’Off|sft_dense_k1,SBERT_NORM,3,2,1,0,False,False,False,-0.04278,0.0006;-0.0042;0.0012,llama-3.2-3b;mistral-7b-v0.3;qwen2.5-7b
TplOnâ†’Off|sft_dense_k1,SecFilled,3,1,2,0,False,False,True,-0.040936,-0.0006;-0.0307;0.0134,llama-3.2-3b;mistral-7b-v0.3;qwen2.5-7b
TplOnâ†’Off|sft_dense_k1,SecPresence,3,1,2,0,False,False,True,-0.047619,-0.0006;-0.0313;0.0134,llama-3.2-3b;mistral-7b-v0.3;qwen2.5-7b
TplOnâ†’Off|sft_dense_k1,SignalFilledRate,3,1,2,0,False,False,True,-0.09941520467836257,-0.0028;-0.0288;0.0130,llama-3.2-3b;mistral-7b-v0.3;qwen2.5-7b
TplOnâ†’Off|sft_dense_k1,TransferRate,3,1,2,0,False,False,False,0.009615384615384616,0.0209;-0.0001;-0.0135,llama-3.2-3b;mistral-7b-v0.3;qwen2.5-7b
TplOnâ†’Off|sft_dense_k1,UAHE_Total,3,0,3,0,True,False,False,-0.092945,-0.0614;-0.0102;-0.0818,llama-3.2-3b;mistral-7b-v0.3;qwen2.5-7b
TplOnâ†’Off|sft_dense_k1,UAHE_per_1kTok,3,0,3,0,True,False,False,-0.139453,-0.1437;-0.1478;-0.1047,llama-3.2-3b;mistral-7b-v0.3;qwen2.5-7b
TplOnâ†’Off|sft_dense_k1,UnknownRate,3,1,1,1,False,False,True,0.025,0.0000;0.0320;-0.0128,llama-3.2-3b;mistral-7b-v0.3;qwen2.5-7b
k1â†’k2|sft,CTQRS,3,1,2,0,False,False,False,-0.00925,-0.0091;0.0078;-0.0003,llama-3.2-3b;mistral-7b-v0.3;qwen2.5-7b
k1â†’k2|sft,CondFilledRate,3,3,0,0,True,False,False,0.032258,0.0003;0.0033;0.0089,llama-3.2-3b;mistral-7b-v0.3;qwen2.5-7b
k1â†’k2|sft,ContextSupportRate,3,1,2,0,False,False,False,-0.076001,-0.0157;-0.0222;0.0385,llama-3.2-3b;mistral-7b-v0.3;qwen2.5-7b
k1â†’k2|sft,ContextUnattributedRate,3,2,1,0,False,False,False,0.089452,0.0183;0.0222;-0.0385,llama-3.2-3b;mistral-7b-v0.3;qwen2.5-7b
k1â†’k2|sft,IUHE_Total,3,1,2,0,False,False,False,0.003514725487819658,-0.0665;-0.0563;0.1330,llama-3.2-3b;mistral-7b-v0.3;qwen2.5-7b
k1â†’k2|sft,IUHE_per_1kTok,3,2,1,0,False,False,False,0.10275239338555266,0.7036;-0.2644;0.4077,llama-3.2-3b;mistral-7b-v0.3;qwen2.5-7b
k1â†’k2|sft,NoSignalFilledRate,3,0,3,0,True,False,False,-0.2887700534759358,-0.0038;-0.0213;-0.0230,llama-3.2-3b;mistral-7b-v0.3;qwen2.5-7b
k1â†’k2|sft,PlaceholderRate,3,0,3,0,True,False,False,-0.19686274509803922,-0.0038;-0.0173;-0.0230,llama-3.2-3b;mistral-7b-v0.3;qwen2.5-7b
k1â†’k2|sft,RAHE_Total,3,1,2,0,False,False,True,-0.053197994374464964,-0.1611;-0.0767;0.3146,llama-3.2-3b;mistral-7b-v0.3;qwen2.5-7b
k1â†’k2|sft,RAHE_per_1kTok,3,2,1,0,False,False,False,0.020080321285140562,0.2203;-0.3779;0.9283,llama-3.2-3b;mistral-7b-v0.3;qwen2.5-7b
k1â†’k2|sft,ROUGE1_F1,3,2,1,0,False,False,False,-0.007992,0.0205;-0.0081;0.0023,llama-3.2-3b;mistral-7b-v0.3;qwen2.5-7b
k1â†’k2|sft,ROUGE1_F1_NORM,3,2,1,0,False,False,False,-0.010709,0.0206;-0.0079;0.0038,llama-3.2-3b;mistral-7b-v0.3;qwen2.5-7b
k1â†’k2|sft,ROUGE1_R,3,2,1,0,False,False,False,0.00203,0.0005;-0.0060;0.0022,llama-3.2-3b;mistral-7b-v0.3;qwen2.5-7b
k1â†’k2|sft,ROUGE1_R_NORM,3,1,2,0,False,False,False,-0.011252,-0.0003;-0.0063;0.0029,llama-3.2-3b;mistral-7b-v0.3;qwen2.5-7b
k1â†’k2|sft,SBERT,3,3,0,0,True,False,False,0.045206,0.0180;0.0023;0.0001,llama-3.2-3b;mistral-7b-v0.3;qwen2.5-7b
k1â†’k2|sft,SBERT_NORM,3,2,1,0,False,False,False,-0.007023,0.0179;0.0018;-0.0001,llama-3.2-3b;mistral-7b-v0.3;qwen2.5-7b
k1â†’k2|sft,SecFilled,3,3,0,0,True,False,False,0.145426,0.0038;0.0160;0.0224,llama-3.2-3b;mistral-7b-v0.3;qwen2.5-7b
k1â†’k2|sft,SecPresence,3,3,0,0,True,False,False,0.202381,0.0045;0.0173;0.0237,llama-3.2-3b;mistral-7b-v0.3;qwen2.5-7b
k1â†’k2|sft,SignalFilledRate,3,3,0,0,True,False,False,0.14293785310734464,0.0026;0.0149;0.0228,llama-3.2-3b;mistral-7b-v0.3;qwen2.5-7b
k1â†’k2|sft,TransferRate,3,1,2,0,False,False,False,-0.08009563658099222,-0.0197;-0.0297;0.0397,llama-3.2-3b;mistral-7b-v0.3;qwen2.5-7b
k1â†’k2|sft,UAHE_Total,3,2,1,0,False,False,False,0.058538,0.0946;0.0205;-0.1816,llama-3.2-3b;mistral-7b-v0.3;qwen2.5-7b
k1â†’k2|sft,UAHE_per_1kTok,3,2,1,0,False,False,False,0.028041,0.4833;0.1135;-0.5206,llama-3.2-3b;mistral-7b-v0.3;qwen2.5-7b
k1â†’k2|sft,UnknownRate,3,0,3,0,True,False,False,-0.19673469387755102,-0.0045;-0.0166;-0.0243,llama-3.2-3b;mistral-7b-v0.3;qwen2.5-7b
